Gene_Name,pLI,Coexprs,Epigenetic Function,Enzymatic Activity,Reader Activity,TF Activity,Is_MDEM,Is_Neuro_Assoc,Is_Cancer_Assoc,OMIM_All_Phenotypes,Gene_Name_Alternatives,Gene_Name_ExAC,Gene_Name_GTEx,Chr,Strand,Start,End,gnomAD,OMIM,GTEx,COSMIC,UniProt,Interpro
AIRE,0,,Reader,,HMR,TF,MDEM,Not Neuro,Not Cancer,"Autoimmune polyendocrinopathy syndrome , type I, with or without reversible metaphyseal dysplasia, 240300 (3), Autosomal recessive, Autosomal dominant",AIRE;APECED,Gene_Name_ExAC,AIRE,chr21,+,44285837,44298219,ENSG00000160224,607358,AIRE,AIRE,O43918,O43918
AKAP1,0.56,not coexp,Reader,,HMR,Not TF,Not MDEM,Not Neuro,Not Cancer,,AKAP1;AKAP149;PRKA1,AKAP1,AKAP1,chr17,+,57085191,57121349,ENSG00000121057,602449,AKAP1,AKAP1,Q92667,Q92667
ALG13,1,not coexp,Reader,,HMR,Not TF,MDEM,Neuro,Not Cancer,"Epileptic encephalopathy, early infantile, 36, 300884 (3), X-linked recessive",ALG13;CXorf45;GLT28D1;MDS031,ALG13,ALG13,chrX,+,111681117,111688799,ENSG00000101901,300776,ALG13,ALG13,Q9NP73,Q9NP73
ASH1L,1,highly coexp,Writer; Reader,HMT,HMR; HAR,Not TF,Not MDEM,Neuro,Not Cancer,,ASH1L;KIAA1420;KMT2H,ASH1L,ASH1L,chr1,-,155335260,155562533,ENSG00000116539,607999,ASH1L,ASH1L,Q9NR48,Q9NR48
ASXL1,0,coexp,Reader,,HMR,Not TF,MDEM,Neuro,Cancer,"Bohring-Opitz syndrome, 605039 (3), Autosomal dominant; Myelodysplastic syndrome, somatic, 614286 (3)",ASXL1;KIAA0978,ASXL1,ASXL1,chr20,+,32358343,32439319,ENSG00000171456,612990,ASXL1,ASXL1,Q8IXJ9,Q8IXJ9
ASXL2,0.99,highly coexp,Reader,,HMR,Not TF,Not MDEM,Not Neuro,Cancer,,ASXL2;ASXH2;KIAA1685,ASXL2,ASXL2,chr2,-,25739383,25878443,ENSG00000143970,612991,ASXL2,ASXL2,Q76L83,Q76L83
ASXL3,1,not coexp,Reader,,HMR,Not TF,MDEM,Neuro,Not Cancer,"Bainbridge-Ropers syndrome, 615485 (3)",ASXL3;KIAA1713,ASXL3,ASXL3,chr18,+,33578576,33751194,ENSG00000141431,615115,ASXL3,ASXL3,Q9C0F0,Q9C0F0
ATAD2,1,not coexp,Reader,,HAR,Not TF,Not MDEM,Not Neuro,Cancer,,ATAD2;L16;PRO2000,ATAD2,ATAD2,chr8,-,123319850,123396465,ENSG00000156802,611941,ATAD2,ATAD2,Q6PL18,Q6PL18
ATAD2B,1,coexp,Reader,,HAR,Not TF,Not MDEM,Not Neuro,Not Cancer,,ATAD2B;KIAA1240,ATAD2B,ATAD2B,chr2,-,23748663,23927114,ENSG00000119778,615347,ATAD2B,ATAD2B,Q9ULI0,Q9ULI0
ATRX,1,highly coexp,Remodeler; Reader,REMODEL,HMR,Not TF,MDEM,Neuro,Cancer,"Alpha-thalassemia myelodysplasia syndrome, somatic, 300448 (3); Alpha-thalassemia/mental retardation syndrome, 301040 (3), X-linked dominant; Mental retardation-hypotonic facies syndrome, X-linked, 309580 (3), X-linked recessive",ATRX;RAD54L;XH2,ATRX,ATRX,chrX,-,77504877,77786269,ENSG00000085224,300032,ATRX,ATRX,P46100,P46100
BAHCC1,,,Reader,,HMR,Not TF,Not MDEM,Not Neuro,Not Cancer,,BAHCC1;BAHD2;KIAA1447,,,chr17,+,81399720,81466332,ENSG00000266074,617646,NA,BAHCC1,Q9P281,Q9P281
BAHD1,0.99,highly coexp,Reader,,HMR,Not TF,Not MDEM,Not Neuro,Not Cancer,,BAHD1;KIAA0945,BAHD1,BAHD1,chr15,+,40439720,40468242,ENSG00000140320,613880,BAHD1,BAHD1,Q8TBE0,Q8TBE0
BAZ1A,1,not coexp,Reader,,HMR; HAR,Not TF,Not MDEM,Not Neuro,Not Cancer,,BAZ1A;ACF1;WCRF180;HSPC317,BAZ1A,BAZ1A,chr14,-,34752730,34875647,ENSG00000198604,605680,BAZ1A,BAZ1A,Q9NRL2,Q9NRL2
BAZ1B,1,highly coexp,Reader,,HMR; HAR,Not TF,Not MDEM,Not Neuro,Not Cancer,,BAZ1B;WBSC10;WBSCR10;WBSCR9;WSTF,BAZ1B,BAZ1B,chr7,-,73440397,73522285,ENSG00000009954,605681,BAZ1B,BAZ1B,Q9UIG0,Q9UIG0
BAZ2A,1,highly coexp,Reader,,HMR; HAR; DNMR,Not TF,Not MDEM,Not Neuro,Not Cancer,,BAZ2A;KIAA0314;TIP5,BAZ2A,BAZ2A,chr12,-,56595595,56630331,ENSG00000076108,605682,BAZ2A,BAZ2A,Q9UIF9,Q9UIF9
BAZ2B,1,coexp,Reader,,HMR; HAR; DNMR,Not TF,Not MDEM,Not Neuro,Not Cancer,,BAZ2B;KIAA1476,BAZ2B,BAZ2B,chr2,-,159318978,159616601,ENSG00000123636,605683,BAZ2B,BAZ2B,Q9UIF8,Q9UIF8
BPTF,1,highly coexp,Reader,,HMR; HAR,Not TF,Not MDEM,Not Neuro,Not Cancer,,BPTF;FAC1;FALZ,BPTF,BPTF,chr17,+,67825663,67984378,ENSG00000171634,601819,BPTF,BPTF,Q12830,Q12830
BRD1,0.99,highly coexp,Reader,,HMR; HAR,Not TF,Not MDEM,Not Neuro,Not Cancer,,BRD1;BRL;BRPF2,BRD1,BRD1,chr22,-,49773277,49825900,ENSG00000100425,604589,BRD1,BRD1,O95696,O95696
BRD2,1,highly coexp,Reader,,HAR,Not TF,Not MDEM,Not Neuro,Not Cancer,,BRD2;KIAA9001;RING3,BRD2,BRD2,chr6,+,32968659,32981505,ENSG00000204256,601540,BRD2,BRD2,P25440,P25440
BRD3,0.77,coexp,Reader,,HAR,Not TF,Not MDEM,Not Neuro,Not Cancer,,BRD3;KIAA0043;RING3L,BRD3,BRD3,chr9,-,134030323,134068019,ENSG00000169925,601541,BRD3,BRD3,Q15059,Q15059
BRD4,1,highly coexp,Reader,,HAR,Not TF,Not MDEM,Not Neuro,Cancer,,BRD4;HUNK1,BRD4,BRD4,chr19,-,15247035,15280451,ENSG00000141867,608749,BRD4,BRD4,O60885,O60885
BRD7,0.94,coexp,Reader,,HAR,Not TF,Not MDEM,Not Neuro,Cancer,,BRD7;BP75;CELTIX1,BRD7,BRD7,chr16,-,50319017,50368934,ENSG00000166164,606083,BRD7,BRD7,Q9NPI1,Q9NPI1
BRD8,0,coexp,Reader,,HAR,Not TF,Not MDEM,Not Neuro,Cancer,,BRD8;SMAP;SMAP2,BRD8,BRD8,chr5,-,138139769,138178669,ENSG00000112983,602848,BRD8,BRD8,Q9H0E9,Q9H0E9
BRD9,0.25,not coexp,Reader,,HAR,Not TF,Not MDEM,Not Neuro,Not Cancer,,BRD9;UNQ3040/PRO9856,BRD9,BRD9,chr5,-,863734,892522,ENSG00000028310,NA,BRD9,BRD9,Q9H8M2,Q9H8M2
BRDT,0,,Reader,,HAR,Not TF,Not MDEM,Not Neuro,Not Cancer,,BRDT,BRDT,BRDT,chr1,+,91949370,92014428,ENSG00000137948,602144,BRDT,BRDT,Q58F21,Q58F21
BRPF1,1,highly coexp,Reader,,HMR; HAR,Not TF,Not MDEM,Not Neuro,Not Cancer,,BRPF1;BR140,BRPF1,BRPF1,chr3,+,9731749,9748015,ENSG00000156983,602410,BRPF1,BRPF1,P55201,P55201
BRPF3,0.99,highly coexp,Reader,,HMR; HAR,Not TF,Not MDEM,Not Neuro,Not Cancer,,BRPF3;KIAA1286,BRPF3,BRPF3,chr6,+,36196772,36232790,ENSG00000096070,616856,BRPF3,BRPF3,Q9ULD4,Q9ULD4
BRWD1,1,highly coexp,Reader,,HMR; HAR,Not TF,Not MDEM,Not Neuro,Not Cancer,,BRWD1;C21orf107;WDR9,BRWD1,BRWD1,chr21,-,39185477,39313786,ENSG00000185658,617824,BRWD1,BRWD1,Q9NSI6,Q9NSI6
BRWD3,1,highly coexp,Reader,,HMR; HAR,Not TF,MDEM,Neuro,Cancer,"Mental retardation, X-linked 93, 300659 (3), X-linked recessive",BRWD3,BRWD3,BRWD3,chrX,-,80669487,80809734,ENSG00000165288,300553,BRWD3,BRWD3,Q6RI45,Q6RI45
C14orf169,,,Eraser,HDM,,Not TF,Not MDEM,Not Neuro,Not Cancer,,NO66;C14orf169;MAPJD,,,chr14,+,73490933,73493401,ENSG00000170468,611919,NA,C14orf169,Q9H6W3,Q9H6W3
CBX1,0.95,not coexp,Reader,,HMR,Not TF,Not MDEM,Not Neuro,Not Cancer,,CBX1;CBX,CBX1,CBX1,chr17,-,48070051,48101198,ENSG00000108468,604511,CBX1,CBX1,P83916,P83916
CBX2,0.95,not coexp,Reader,,HMR,Not TF,MDEM,Not Neuro,Not Cancer,"?46XY sex reversal 5, 613080 (3), Autosomal recessive",CBX2,CBX2,CBX2,chr17,+,79778177,79782532,ENSG00000173894,602770,CBX2,CBX2,Q14781,Q14781
CBX3,0.63,not coexp,Reader,,HMR,Not TF,Not MDEM,Not Neuro,Not Cancer,,CBX3,CBX3,CBX3,chr7,+,26201210,26213607,ENSG00000122565,604477,CBX3,CBX3,Q13185,Q13185
CBX4,0.38,not coexp,Reader,,HMR,Not TF,Not MDEM,Not Neuro,Cancer,,CBX4,CBX4,CBX4,chr17,-,79833155,79839414,ENSG00000141582,603079,CBX4,CBX4,O00257,O00257
CBX5,0.84,not coexp,Reader,,HMR,Not TF,Not MDEM,Not Neuro,Not Cancer,,CBX5;HP1A,CBX5,CBX5,chr12,-,54230945,54280131,ENSG00000094916,604478,CBX5,CBX5,P45973,P45973
CBX6,0.61,coexp,Reader,,HMR,Not TF,Not MDEM,Not Neuro,Not Cancer,,CBX6,CBX6,CBX6,chr22,-,38861426,38872334,ENSG00000183741,617438,CBX6,CBX6,O95503,O95503
CBX7,0.84,coexp,Reader,,HMR,Not TF,Not MDEM,Not Neuro,Not Cancer,,CBX7,CBX7,CBX7,chr22,-,39130773,39152533,ENSG00000100307,608457,CBX7,CBX7,O95931,O95931
CBX8,0.99,not coexp,Reader,,HMR,Not TF,Not MDEM,Not Neuro,Not Cancer,,CBX8;PC3;RC1,CBX8,CBX8,chr17,-,79794376,79797116,ENSG00000141570,617354,CBX8,CBX8,Q9HC52,Q9HC52
CDY1,,,Reader,,HMR,Not TF,Not MDEM,Not Neuro,Not Cancer,,CDY1;CDY1A;;CDY1B,,CDY1,chrY,-,24045229,24048014,ENSG00000172288,400016,CDY1,CDY1,Q9Y6F8,Q9Y6F8
CDY2A,,,Reader,,HMR,Not TF,Not MDEM,Not Neuro,Not Cancer,,CDY2A;CDY2;;CDY2B,,CDY2A,chrY,-,17878260,17880220,ENSG00000182415,400018,CDY2A,CDY2A,Q9Y6F7,Q9Y6F7
CDYL,0.95,not coexp,Reader,,HMR,Not TF,Not MDEM,Not Neuro,Not Cancer,,CDYL;CDYL1,CDYL,CDYL,chr6,+,4706158,4955544,ENSG00000153046,603778,CDYL,CDYL,Q9Y232,Q9Y232
CDYL2,0.62,not coexp,Reader,,HMR,Not TF,Not MDEM,Not Neuro,Not Cancer,,CDYL2,CDYL2,CDYL2,chr16,-,80597898,80804278,ENSG00000166446,NA,CDYL2,CDYL2,Q8N8U2,Q8N8U2
CECR2,,coexp,Reader,,HAR,Not TF,Not MDEM,Not Neuro,Not Cancer,,CECR2;KIAA1740,,CECR2,chr22,+,17359948,17558155,ENSG00000099954,607576,CECR2,CECR2,Q9BXF3,Q9BXF3
CHD1,1,coexp,Remodeler; Reader,REMODEL,HMR,Not TF,Not MDEM,Not Neuro,Cancer,,CHD1,CHD1,CHD1,chr5,-,98855203,98926534,ENSG00000153922,602118,CHD1,CHD1,O14646,O14646
CHD2,1,highly coexp,Remodeler; Reader,REMODEL,HMR,Not TF,MDEM,Neuro,Cancer,"Epileptic encephalopathy, childhood-onset, 615369 (3), Autosomal dominant",CHD2,CHD2,CHD2,chr15,+,92900320,92949233,ENSG00000173575,602119,CHD2,CHD2,O14647,O14647
CHD3,1,not coexp,Remodeler; Reader,REMODEL,HMR,Not TF,Not MDEM,Not Neuro,Cancer,,CHD3,CHD3,CHD3,chr17,+,7884804,7912757,ENSG00000170004,602120,CHD3,CHD3,Q12873,Q12873
CHD4,1,highly coexp,Remodeler; Reader,REMODEL,HMR,Not TF,Not MDEM,Neuro,Cancer,,CHD4,CHD4,CHD4,chr12,-,6570081,6606451,ENSG00000111642,603277,CHD4,CHD4,Q14839,Q14839
CHD5,1,not coexp,Remodeler; Reader,REMODEL,HMR,Not TF,Not MDEM,Not Neuro,Cancer,,CHD5;KIAA0444,CHD5,CHD5,chr1,-,6101786,6180134,ENSG00000116254,610771,CHD5,CHD5,Q8TDI0,Q8TDI0
CHD6,1,highly coexp,Remodeler; Reader,REMODEL,HMR,Not TF,Not MDEM,Not Neuro,Cancer,,CHD6;CHD5;KIAA1335;RIGB,CHD6,CHD6,chr20,-,41402102,41618494,ENSG00000124177,616114,CHD6,CHD6,Q8TD26,Q8TD26
CHD7,1,coexp,Remodeler; Reader,REMODEL,HMR,Not TF,MDEM,Neuro,Cancer,"CHARGE syndrome, 214800 (3), Autosomal dominant; Hypogonadotropic hypogonadism 5 with or without anosmia, 612370 (3)",CHD7;KIAA1416,CHD7,CHD7,chr8,+,60678764,60868027,ENSG00000171316,608892,CHD7,CHD7,Q9P2D1,Q9P2D1
CHD8,1,highly coexp,Remodeler; Reader,REMODEL,HMR,Not TF,MDEM,Neuro,Cancer,"{Autism, susceptibility to, 18}, 615032 (3), Autosomal dominant",CHD8;HELSNF1;KIAA1564,CHD8,CHD8,chr14,-,21385193,21431708,ENSG00000100888,610528,CHD8,CHD8,Q9HCK8,Q9HCK8
CHD9,1,highly coexp,Remodeler; Reader,REMODEL,HMR,Not TF,Not MDEM,Not Neuro,Not Cancer,,CHD9;KIAA0308;KISH2;PRIC320;AD-013;x0008,CHD9,CHD9,chr16,+,53155925,53327502,ENSG00000177200,616936,CHD9,CHD9,Q3L8U1,Q3L8U1
CREBBP,1,highly coexp,Writer; Reader,HAT,HAR,Not TF,MDEM,Neuro,Cancer,"Rubinstein-Taybi syndrome, 180849 (3), Autosomal dominant",CREBBP;CBP,CREBBP,CREBBP,chr16,-,3725054,3880120,ENSG00000005339,600140,CREBBP,CREBBP,Q92793,Q92793
CXXC1,1,coexp,Reader,,HMR; DNUMR,Not TF,Not MDEM,Not Neuro,Not Cancer,,CXXC1;CFP1;CGBP;PCCX1;PHF18,CXXC1,CXXC1,chr18,-,50282342,50288322,ENSG00000154832,609150,CXXC1,CXXC1,Q9P0U4,Q9P0U4
CXXC4,,not coexp,Reader,,DNUMR,Not TF,Not MDEM,Not Neuro,Not Cancer,,CXXC4;IDAX,,CXXC4,chr4,-,104468305,104494901,ENSG00000168772,611645,CXXC4,CXXC4,Q9H2H0,Q9H2H0
CXXC5,0.8,not coexp,Reader,,DNUMR,Not TF,Not MDEM,Not Neuro,Not Cancer,,CXXC5;HSPC195;TCCCIA00297,CXXC5,CXXC5,chr5,+,139647298,139683885,ENSG00000171604,612752,CXXC5,CXXC5,Q7LFL8,Q7LFL8
DIDO1,1,highly coexp,Reader,,HMR,Not TF,Not MDEM,Not Neuro,Not Cancer,,DIDO1;C20orf158;DATF1;KIAA0333,DIDO1,DIDO1,chr20,-,62877737,62926551,ENSG00000101191,604140,DIDO1,DIDO1,Q9BTC0,Q9BTC0
DNMT1,1,highly coexp,Writer; Reader,DNMT,HMR; DNUMR,Not TF,MDEM,Neuro,Cancer,"Cerebellar ataxia, deafness, and narcolepsy, autosomal dominant, 604121 (3), Autosomal dominant; Neuropathy, hereditary sensory, type IE, 614116 (3), Autosomal dominant",DNMT1;AIM;CXXC9;DNMT,DNMT1,DNMT1,chr19,-,10133343,10195135,ENSG00000130816,126375,DNMT1,DNMT1,P26358,P26358
DNMT3A,0,coexp,Writer; Reader,DNMT,HMR,Not TF,MDEM,Neuro,Cancer,"Tatton-Brown-Rahman syndrome, 615879 (3), Autosomal dominant",DNMT3A,DNMT3A,DNMT3A,chr2,-,25281451,25341915,ENSG00000119772,602769,DNMT3A,DNMT3A,Q9Y6K1,Q9Y6K1
DNMT3B,1,not coexp,Writer; Reader,DNMT,HMR,Not TF,MDEM,Neuro,Not Cancer,"Immunodeficiency-centromeric instability-facial anomalies syndrome 1, 242860 (3), Autosomal recessive",DNMT3B,DNMT3B,DNMT3B,chr20,+,32762384,32809356,ENSG00000088305,602900,DNMT3B,DNMT3B,Q9UBC3,Q9UBC3
DNMT3L,0,,Reader,,HMR,Not TF,Not MDEM,Not Neuro,Not Cancer,,DNMT3L,DNMT3L,DNMT3L,chr21,-,44246338,44262216,ENSG00000142182,606588,DNMT3L,DNMT3L,Q9UJW3,Q9UJW3
DPF1,0.99,,Reader,,HAR,TF,Not MDEM,Not Neuro,Not Cancer,,DPF1;BAF45B;NEUD4,DPF1,DPF1,chr19,-,38211005,38224250,ENSG00000011332,601670,DPF1,DPF1,Q92782,Q92782
DPF2,1,coexp,Reader,,HAR,Not TF,Not MDEM,Not Neuro,Not Cancer,,DPF2;BAF45D;REQ;UBID4,DPF2,DPF2,chr11,+,65333753,65352980,ENSG00000133884,601671,DPF2,DPF2,Q92785,Q92785
DPF3,0.83,not coexp,Reader,,HAR,Not TF,Not MDEM,Not Neuro,Not Cancer,,DPF3;BAF45C;CERD4,DPF3,DPF3,chr14,-,72619295,72894116,ENSG00000205683,601672,DPF3,DPF3,Q92784,Q92784
EED,1,not coexp,Reader,,HMR,Not TF,Not MDEM,Not Neuro,Cancer,,EED,EED,EED,chr11,+,86244383,86278810,ENSG00000074266,605984,EED,EED,O75530,O75530
EHMT1,1,highly coexp,Writer; Reader,HMT,HMR,Not TF,MDEM,Neuro,Not Cancer,"Kleefstra syndrome, 610253 (3), Autosomal dominant, Isolated cases",EHMT1;EUHMTASE1;GLP;KIAA1876;KMT1D,EHMT1,EHMT1,chr9,+,137618991,137784393,ENSG00000181090,607001,EHMT1,EHMT1,Q9H9B1,Q9H9B1
EHMT2,0.06,coexp,Writer; Reader,HMT,HMR,Not TF,Not MDEM,Not Neuro,Not Cancer,,EHMT2;BAT8;C6orf30;G9A;KMT1C;NG36,EHMT2,EHMT2,chr6,-,31879759,31896989,ENSG00000204371,604599,EHMT2,EHMT2,Q96KQ7,Q96KQ7
EP300,1,highly coexp,Writer; Reader,HAT,HAR,Not TF,MDEM,Neuro,Cancer,"Colorectal cancer, somatic, 114500 (3); Rubinstein-Taybi syndrome 2, 613684 (3), Autosomal dominant, Isolated cases",EP300;P300,EP300,EP300,chr22,+,41092609,41180077,ENSG00000100393,602700,EP300,EP300,Q09472,Q09472
EP400,1,highly coexp,Remodeler,REMODEL,,Not TF,Not MDEM,Not Neuro,Not Cancer,,EP400;CAGH32;KIAA1498;KIAA1818;TNRC12,EP400,EP400,chr12,+,131949919,132080466,ENSG00000183495,606265,EP400,EP400,Q96L91,Q96L91
EZH1,0,coexp,Writer,HMT,,Not TF,Not MDEM,Not Neuro,Cancer,,EZH1;KIAA0388,EZH1,EZH1,chr17,-,42700274,42745096,ENSG00000108799,601674,EZH1,EZH1,Q92800,Q92800
EZH2,1,not coexp,Writer,HMT,,Not TF,MDEM,Neuro,Cancer,"Weaver syndrome, 277590 (3), Autosomal dominant",EZH2;KMT6,EZH2,EZH2,chr7,-,148807371,148883509,ENSG00000106462,601573,EZH2,EZH2,Q15910,Q15910
FBXL19,0.98,highly coexp,Reader,,HMR; DNUMR,Not TF,Not MDEM,Not Neuro,Not Cancer,,FBXL19;FBL19,FBXL19,FBXL19,chr16,+,30924574,30948783,ENSG00000099364,609085,FBXL19,FBXL19,Q6PCT2,Q6PCT2
G2E3,0.75,coexp,Reader,,HMR,Not TF,Not MDEM,Not Neuro,Not Cancer,,G2E3;KIAA1333,G2E3,G2E3,chr14,+,30559122,30620061,ENSG00000092140,611299,G2E3,G2E3,Q7L622,Q7L622
GLYR1,1,highly coexp,Reader,,HMR,Not TF,Not MDEM,Not Neuro,Not Cancer,,GLYR1;HIBDL;NP60,GLYR1,GLYR1,chr16,-,4803202,4847302,ENSG00000140632,610660,GLYR1,GLYR1,Q49A26,Q49A26
HDAC1,0.94,not coexp,Eraser,HDAC,,Not TF,Not MDEM,Not Neuro,Cancer,,HDAC1;RPD3L1,HDAC1,HDAC1,chr1,+,32292106,32333623,ENSG00000116478,601241,HDAC1,HDAC1,Q13547,Q13547
HDAC10,0,,Eraser,HDAC,,Not TF,Not MDEM,Not Neuro,Not Cancer,,HDAC10,HDAC10,,chr22,-,50245183,50251405,ENSG00000100429,608544,NA,HDAC10,Q969S8,Q969S8
HDAC11,0.04,coexp,Eraser,HDAC,,Not TF,Not MDEM,Not Neuro,Not Cancer,,HDAC11,HDAC11,HDAC11,chr3,+,13480343,13506424,ENSG00000163517,607226,HDAC11,HDAC11,Q96DB2,Q96DB2
HDAC2,1,coexp,Eraser,HDAC,,Not TF,Not MDEM,Not Neuro,Cancer,,HDAC2,HDAC2,HDAC2,chr6,-,113936155,113970724,ENSG00000196591,605164,HDAC2,HDAC2,Q92769,Q92769
HDAC3,0.96,not coexp,Eraser,HDAC,,Not TF,Not MDEM,Not Neuro,Not Cancer,,HDAC3,HDAC3,HDAC3,chr5,-,141620875,141636856,ENSG00000171720,605166,HDAC3,HDAC3,O15379,O15379
HDAC4,1,coexp,Eraser,HDAC,,Not TF,Not MDEM,Not Neuro,Cancer,,HDAC4;KIAA0288,HDAC4,HDAC4,chr2,-,239048167,239400949,ENSG00000068024,605314,HDAC4,HDAC4,P56524,P56524
HDAC5,1,not coexp,Eraser,HDAC,,Not TF,Not MDEM,Not Neuro,Not Cancer,,HDAC5;KIAA0600,HDAC5,HDAC5,chr17,-,44076752,44123646,ENSG00000108840,605315,HDAC5,HDAC5,Q9UQL6,Q9UQL6
HDAC6,1,highly coexp,Eraser,HDAC,,Not TF,MDEM,Neuro,Not Cancer,"?Chondrodysplasia with platyspondyly, distinctive brachydactyly, hydrocephaly, and microphthalmia, 300863 (3), X-linked dominant",HDAC6;KIAA0901;JM21,HDAC6,HDAC6,chrX,+,48801376,48824982,ENSG00000094631,300272,HDAC6,HDAC6,Q9UBN7,Q9UBN7
HDAC7,1,coexp,Eraser,HDAC,,Not TF,Not MDEM,Not Neuro,Not Cancer,,HDAC7;HDAC7A,HDAC7,HDAC7,chr12,-,47782710,47819980,ENSG00000061273,606542,HDAC7,HDAC7,Q8WUI4,Q8WUI4
HDAC8,0.92,not coexp,Eraser,HDAC,,Not TF,MDEM,Neuro,Not Cancer,"Cornelia de Lange syndrome 5, 300882 (3), X-linked dominant; Wilson-Turner syndrome, 309585 (3), X-linked dominant",HDAC8;HDACL1;CDA07,HDAC8,HDAC8,chrX,-,72329515,72573103,ENSG00000147099,300269,HDAC8,HDAC8,Q9BY41,Q9BY41
HDAC9,1,not coexp,Eraser,HDAC,,Not TF,Not MDEM,Not Neuro,Cancer,,HDAC9;HDAC7;HDAC7B;HDRP;KIAA0744;MITR,HDAC9,HDAC9,chr7,+,18086941,19002414,ENSG00000048052,606543,HDAC9,HDAC9,Q9UKV0,Q9UKV0
HDGF,0.27,coexp,Reader,,HMR,Not TF,Not MDEM,Not Neuro,Not Cancer,,HDGF;HMG1L2,HDGF,HDGF,chr1,-,156742106,156752448,ENSG00000143321,600339,HDGF,HDGF,P51858,P51858
HDGFL1,0.31,,Reader,,HMR,Not TF,Not MDEM,Not Neuro,Not Cancer,,HDGFL1;PWWP1,HDGFL1,HDGFL1,chr6,+,22569448,22570521,ENSG00000112273,NA,HDGFL1,HDGFL1,Q5TGJ6,Q5TGJ6
HDGFRP2,0.89,highly coexp,Reader,,HMR,Not TF,Not MDEM,Not Neuro,Not Cancer,,HDGFRP2;HDGF2;UNQ785/PRO1604,HDGFRP2,HDGFRP2,chr19,+,4472195,4502220,ENSG00000167674,617884,HDGFRP2,HDGFRP2,Q7Z4V5,Q7Z4V5
HDGFRP3,0.94,coexp,Reader,,HMR,Not TF,Not MDEM,Not Neuro,Not Cancer,,HDGFRP3;HDGF2;CGI-142,HDGFRP3,HDGFRP3,chr15,-,83138051,83208018,ENSG00000166503,616643,HDGFRP3,HDGFRP3,Q9Y3E1,Q9Y3E1
HIF1AN,0.87,coexp,Eraser,HDM,,Not TF,Not MDEM,Not Neuro,Not Cancer,,HIF1AN;FIH1,HIF1AN,HIF1AN,chr10,+,100535883,100553924,ENSG00000166135,606615,HIF1AN,HIF1AN,Q9NWT6,Q9NWT6
HR,0,not coexp,Eraser,HDM,,Not TF,MDEM,Not Neuro,Not Cancer,"Alopecia universalis, 203655 (3), Autosomal recessive; Atrichia with papular lesions, 209500 (3), Autosomal recessive; Hypotrichosis 4, 146550 (3), Autosomal dominant",HR,HR,HR,chr8,-,22114418,22131052,ENSG00000168453,602302,HR,HR,O43593,O43593
HSPBAP1,0,not coexp,Eraser,HDM,,Not TF,Not MDEM,Not Neuro,Not Cancer,,HSPBAP1;PASS1,HSPBAP1,HSPBAP1,chr3,-,122739996,122793827,ENSG00000169087,608263,HSPBAP1,HSPBAP1,Q96EW2,Q96EW2
ING1,0.01,not coexp,Reader,,HMR,Not TF,Not MDEM,Not Neuro,Cancer,"Squamous cell carcinoma, head and neck, somatic, 275355 (3)",ING1,ING1,ING1,chr13,+,110712622,110721074,ENSG00000153487,601566,ING1,ING1,Q9UK53,Q9UK53
ING2,0.28,not coexp,Reader,,HMR,Not TF,Not MDEM,Not Neuro,Not Cancer,,ING2;ING1L,ING2,ING2,chr4,+,183505049,183512428,ENSG00000168556,604215,ING2,ING2,Q9H160,Q9H160
ING3,0.99,not coexp,Reader,,HMR,Not TF,Not MDEM,Not Neuro,Not Cancer,,ING3;HSPC301,ING3,ING3,chr7,+,120950762,120956980,ENSG00000071243,607493,ING3,ING3,Q9NXR8,Q9NXR8
ING4,0.05,not coexp,Reader,,HMR,Not TF,Not MDEM,Not Neuro,Not Cancer,,ING4;My036,ING4,ING4,chr12,-,6650537,6663142,ENSG00000111653,608524,ING4,ING4,Q9UNL4,Q9UNL4
ING5,0.45,coexp,Reader,,HMR,Not TF,Not MDEM,Not Neuro,Not Cancer,,ING5,ING5,ING5,chr2,+,241702040,241729481,ENSG00000168395,608525,ING5,ING5,Q8WYH8,Q8WYH8
INO80,1,highly coexp,Remodeler,REMODEL,,Not TF,Not MDEM,Not Neuro,Not Cancer,,INO80;INO80A;INOC1;KIAA1259,INO80,INO80,chr15,-,40978880,41116246,ENSG00000128908,610169,INO80,INO80,Q9ULG1,Q9ULG1
INTS12,0.69,not coexp,Reader,,HMR,Not TF,Not MDEM,Not Neuro,Cancer,,INTS12;PHF22;SBBI22,INTS12,INTS12,chr4,-,105682627,105708724,ENSG00000138785,611355,INTS12,INTS12,Q96CB8,Q96CB8
JADE1,0.98,not coexp,Reader,,HMR,Not TF,Not MDEM,Not Neuro,Not Cancer,,JADE1;KIAA1807;PHF17,PHF17,PHF17,chr4,+,128809622,128864632,ENSG00000077684,610514,PHF17,JADE1,Q6IE81,Q6IE81
JADE2,1,coexp,Reader,,HMR,Not TF,Not MDEM,Not Neuro,Not Cancer,,JADE2;KIAA0239;PHF15,PHF15,PHF15,chr5,+,134524374,134583230,ENSG00000043143,610515,PHF15,JADE2,Q9NQC1,Q9NQC1
JADE3,1,coexp,Reader,,HMR,Not TF,Not MDEM,Not Neuro,Not Cancer,,JADE3;KIAA0215;PHF16,PHF16,PHF16,chrX,+,46912275,47061242,ENSG00000102221,300618,PHF16,JADE3,Q92613,Q92613
JARID2,1,coexp,Eraser,HDM,,Not TF,Not MDEM,Not Neuro,Cancer,,JARID2;JMJ,JARID2,JARID2,chr6,+,15245974,15522042,ENSG00000008083,601594,JARID2,JARID2,Q92833,Q92833
JMJD1C,1,coexp,Eraser,HDM,,Not TF,Not MDEM,Not Neuro,Not Cancer,,JMJD1C;JHDM2C;KIAA1380;TRIP8,JMJD1C,JMJD1C,chr10,-,63167220,63269223,ENSG00000171988,604503,JMJD1C,JMJD1C,Q15652,Q15652
JMJD4,0,not coexp,Eraser,HDM,,Not TF,Not MDEM,Not Neuro,Not Cancer,,JMJD4,JMJD4,JMJD4,chr1,-,227731188,227735411,ENSG00000081692,NA,JMJD4,JMJD4,Q9H9V9,Q9H9V9
JMJD6,0.82,not coexp,Eraser,HDM,,Not TF,Not MDEM,Not Neuro,Not Cancer,,JMJD6;KIAA0585;PTDSR,JMJD6,JMJD6,chr17,-,76712831,76726799,ENSG00000070495,604914,JMJD6,JMJD6,Q6NYC1,Q6NYC1
JMJD7,0.23,not coexp,Eraser,HDM,,Not TF,Not MDEM,Not Neuro,Not Cancer,,JMJD7,JMJD7,JMJD7,chr15,+,41828084,41837587,ENSG00000243789,NA,JMJD7,JMJD7,P0C870,P0C870
JMJD8,0,coexp,Eraser,HDM,,Not TF,Not MDEM,Not Neuro,Not Cancer,,JMJD8;C16orf20;PP14397,JMJD8,JMJD8,chr16,-,681666,684439,ENSG00000161999,NA,JMJD8,JMJD8,Q96S16,Q96S16
KAT2A,0.41,not coexp,Writer; Reader,HAT,HAR,Not TF,Not MDEM,Not Neuro,Not Cancer,,KAT2A;GCN5;GCN5L2;HGCN5,KAT2A,KAT2A,chr17,-,42113110,42121364,ENSG00000108773,602301,KAT2A,KAT2A,Q92830,Q92830
KAT2B,1,coexp,Writer; Reader,HAT,HAR,Not TF,Not MDEM,Not Neuro,Not Cancer,,KAT2B;PCAF,KAT2B,KAT2B,chr3,+,20040031,20154404,ENSG00000114166,602303,KAT2B,KAT2B,Q92831,Q92831
KAT5,0.47,coexp,Writer,HAT,,Not TF,Not MDEM,Not Neuro,Not Cancer,,KAT5;HTATIP;TIP60,KAT5,KAT5,chr11,+,65712001,65719606,ENSG00000172977,601409,KAT5,KAT5,Q92993,Q92993
KAT6A,1,highly coexp,Writer; Reader,HAT,HAR,Not TF,MDEM,Neuro,Not Cancer,"Mental retardation, autosomal dominant 32, 616268 (3), Autosomal dominant",KAT6A;MOZ;MYST3;RUNXBP2;ZNF220,KAT6A,KAT6A,chr8,-,41929478,42052026,ENSG00000083168,601408,KAT6A,KAT6A,Q92794,Q92794
KAT6B,1,highly coexp,Writer; Reader,HAT,HAR,Not TF,MDEM,Neuro,Not Cancer,"Genitopatellar syndrome, 606170 (3), Autosomal dominant; SBBYSS syndrome, 603736 (3)",KAT6B;KIAA0383;MORF;MOZ2;MYST4,KAT6B,KAT6B,chr10,+,74826412,75032622,ENSG00000156650,605880,KAT6B,KAT6B,Q8WYB5,Q8WYB5
KAT7,1,coexp,Writer,HAT,,Not TF,Not MDEM,Not Neuro,Not Cancer,,KAT7;HBO1;HBOa;MYST2,KAT7,KAT7,chr17,+,49788618,49829096,ENSG00000136504,609880,KAT7,KAT7,O95251,O95251
KAT8,0.91,not coexp,Writer,HAT,,Not TF,Not MDEM,Not Neuro,Cancer,,KAT8;MOF;MYST1;PP7073,KAT8,KAT8,chr16,+,31117663,31131393,ENSG00000103510,609912,KAT8,KAT8,Q9H7Z6,Q9H7Z6
KDM1A,0.99,not coexp,Eraser,HDM,,Not TF,MDEM,Neuro,Not Cancer,"Cleft palate, psychomotor retardation, and distinctive facial features, 616728 (3), Autosomal dominant",KDM1A;AOF2;KDM1;KIAA0601;LSD1,KDM1A,KDM1A,chr1,+,23019447,23083691,ENSG00000004487,609132,KDM1A,KDM1A,O60341,O60341
KDM1B,0.82,not coexp,Eraser; Reader,HDM,HMR,Not TF,Not MDEM,Not Neuro,Not Cancer,,KDM1B;AOF1;C6orf193;LSD2,KDM1B,KDM1B,chr6,+,18155387,18223853,ENSG00000165097,613081,KDM1B,KDM1B,Q8NB78,Q8NB78
KDM2A,1,highly coexp,Eraser; Reader,HDM,HMR; DNUMR,Not TF,Not MDEM,Not Neuro,Not Cancer,,KDM2A;CXXC8;FBL7;FBXL11;JHDM1A;KIAA1004,KDM2A,KDM2A,chr11,+,67240034,67258079,ENSG00000173120,605657,KDM2A,KDM2A,Q9Y2K7,Q9Y2K7
KDM2B,1,highly coexp,Eraser; Reader,HDM,HMR; DNUMR,Not TF,Not MDEM,Not Neuro,Cancer,,KDM2B;CXXC2;FBL10;FBXL10;JHDM1B;PCCX2,KDM2B,KDM2B,chr12,-,121429095,121580459,ENSG00000089094,609078,KDM2B,KDM2B,Q8NHM5,Q8NHM5
KDM3A,0.98,coexp,Eraser,HDM,,Not TF,Not MDEM,Not Neuro,Not Cancer,,KDM3A;JHDM2A;JMJD1;JMJD1A;KIAA0742;TSGA,KDM3A,KDM3A,chr2,+,86441460,86492716,ENSG00000115548,611512,KDM3A,KDM3A,Q9Y4C1,Q9Y4C1
KDM3B,1,highly coexp,Eraser,HDM,,Not TF,Not MDEM,Not Neuro,Not Cancer,,KDM3B;C5orf7;JHDM2B;JMJD1B;KIAA1082,KDM3B,KDM3B,chr5,+,138352595,138437027,ENSG00000120733,609373,KDM3B,KDM3B,Q7LBC6,Q7LBC6
KDM4A,1,highly coexp,Eraser; Reader,HDM,HMR,Not TF,Not MDEM,Not Neuro,Not Cancer,,KDM4A;JHDM3A;JMJD2;JMJD2A;KIAA0677,KDM4A,KDM4A,chr1,+,43650125,43705518,ENSG00000066135,609764,KDM4A,KDM4A,O75164,O75164
KDM4B,1,coexp,Eraser; Reader,HDM,HMR,Not TF,Not MDEM,Not Neuro,Not Cancer,,KDM4B;JHDM3B;JMJD2B;KIAA0876,KDM4B,KDM4B,chr19,+,4969112,5153597,ENSG00000127663,609765,KDM4B,KDM4B,O94953,O94953
KDM4C,0,coexp,Eraser; Reader,HDM,HMR,Not TF,Not MDEM,Not Neuro,Not Cancer,,KDM4C;GASC1;JHDM3C;JMJD2C;KIAA0780,KDM4C,KDM4C,chr9,+,6720862,7077264,ENSG00000107077,605469,KDM4C,KDM4C,Q9H3R0,Q9H3R0
KDM4D,0.15,not coexp,Eraser,HDM,,Not TF,Not MDEM,Not Neuro,Not Cancer,,KDM4D;JHDM3D;JMJD2D,KDM4D,KDM4D,chr11,+,94973680,94999512,ENSG00000186280,609766,KDM4D,KDM4D,Q6B0I6,Q6B0I6
KDM4E,0.76,,Eraser,HDM,,Not TF,Not MDEM,Not Neuro,Not Cancer,,KDM4E;KDM4DL,KDM4E,KDM4E,chr11,+,95025257,95027596,ENSG00000235268,616581,KDM4E,KDM4E,B2RXH2,B2RXH2
KDM5A,1,highly coexp,Eraser; Reader,HDM,HMR,Not TF,Not MDEM,Not Neuro,Not Cancer,,KDM5A;JARID1A;RBBP2;RBP2,KDM5A,KDM5A,chr12,-,280056,389455,ENSG00000073614,180202,KDM5A,KDM5A,P29375,P29375
KDM5B,0,highly coexp,Eraser; Reader,HDM,HMR,Not TF,Not MDEM,Not Neuro,Not Cancer,,KDM5B;JARID1B;PLU1;RBBP2H1,KDM5B,KDM5B,chr1,-,202725184,202809470,ENSG00000117139,605393,KDM5B,KDM5B,Q9UGL1,Q9UGL1
KDM5C,1,highly coexp,Eraser; Reader,HDM,HMR,Not TF,MDEM,Neuro,Cancer,"Mental retardation, X-linked, syndromic, Claes-Jensen type, 300534 (3), X-linked recessive",KDM5C;DXS1272E;JARID1C;SMCX;XE169,KDM5C,KDM5C,chrX,-,53191320,53225422,ENSG00000126012,314690,KDM5C,KDM5C,P41229,P41229
KDM5D,0.02,not coexp,Eraser; Reader,HDM,HMR,Not TF,Not MDEM,Not Neuro,Not Cancer,,KDM5D;HY;HYA;JARID1D;KIAA0234;SMCY,KDM5D,KDM5D,chrY,-,19705414,19744939,ENSG00000012817,426000,KDM5D,KDM5D,Q9BY66,Q9BY66
KDM6A,1,coexp,Eraser,HDM,,Not TF,MDEM,Neuro,Cancer,"Kabuki syndrome 2, 300867 (3), X-linked dominant",KDM6A;UTX,KDM6A,KDM6A,chrX,+,44873174,45112612,ENSG00000147050,300128,KDM6A,KDM6A,O15550,O15550
KDM6B,1,coexp,Eraser,HDM,,Not TF,Not MDEM,Not Neuro,Not Cancer,,KDM6B;JMJD3;KIAA0346,KDM6B,KDM6B,chr17,+,7839916,7854800,ENSG00000132510,611577,KDM6B,KDM6B,O15054,O15054
KDM7A,1,coexp,Eraser; Reader,HDM,HMR,Not TF,Not MDEM,Not Neuro,Not Cancer,,KDM7A;JHDM1D;KDM7;KIAA1718,JHDM1D,JHDM1D,chr7,-,140084745,140176941,ENSG00000006459,NA,JHDM1D,KDM7A,Q6ZMT4,Q6ZMT4
KDM8,0.01,not coexp,Eraser,HDM,,Not TF,Not MDEM,Not Neuro,Not Cancer,,KDM8;JMJD5,KDM8,KDM8,chr16,+,27203974,27221768,ENSG00000155666,611917,KDM8,KDM8,Q8N371,Q8N371
KMT2A,1,highly coexp,Writer; Reader,HMT,HMR; HAR; DNUMR,Not TF,MDEM,Neuro,Cancer,"Leukemia, myeloid/lymphoid or mixed-lineage, 159555 (2), Autosomal dominant; Wiedemann-Steiner syndrome, 605130 (3), Autosomal dominant",KMT2A;ALL1;CXXC7;HRX;HTRX;MLL;MLL1;TRX1,KMT2A,KMT2A,chr11,+,118436489,118526824,ENSG00000118058,159555,KMT2A,KMT2A,Q03164,Q03164
KMT2B,1,highly coexp,Writer; Reader,HMT,HMR; DNUMR,Not TF,Not MDEM,Neuro,Cancer,,KMT2B;HRX2;KIAA0304;MLL2;MLL4;TRX2;WBP7,KMT2B,KMT2B,chr19,+,35718018,35738880,ENSG00000272333,606834,KMT2B,KMT2B,Q9UMN6,Q9UMN6
KMT2C,1,highly coexp,Writer; Reader,HMT,HMR,Not TF,Not MDEM,Neuro,Cancer,,KMT2C;HALR;KIAA1506;MLL3,KMT2C,KMT2C,chr7,-,152134924,152436005,ENSG00000055609,606833,KMT2C,KMT2C,Q8NEZ4,Q8NEZ4
KMT2D,1,highly coexp,Writer; Reader,HMT,HMR,Not TF,MDEM,Neuro,Cancer,"Kabuki syndrome 1, 147920 (3), Autosomal dominant",KMT2D;ALR;MLL2;MLL4,KMT2D,KMT2D,chr12,-,49018974,49055324,ENSG00000167548,602113,KMT2D,KMT2D,O14686,O14686
KMT2E,1,highly coexp,Writer; Reader,HMT,HMR,Not TF,Not MDEM,Not Neuro,Cancer,,KMT2E;MLL5,KMT2E,KMT2E,chr7,+,105014189,105114085,ENSG00000005483,608444,KMT2E,KMT2E,Q8IZD2,Q8IZD2
KMT5A,0.95,not coexp,Writer,HMT,,Not TF,Not MDEM,Not Neuro,Not Cancer,,KMT5A;PRSET7;SET07;SET8;SETD8,SETD8,SETD8,chr12,+,123384115,123409353,ENSG00000183955,607240,SETD8,KMT5A,Q9NQR1,Q9NQR1
KMT5B,1,coexp,Writer,HMT,,Not TF,Not MDEM,Neuro,Not Cancer,,KMT5B;SUV420H1;CGI-85,SUV420H1,SUV420H1,chr11,-,68154862,68213345,ENSG00000110066,610881,SUV420H1,KMT5B,Q4FZB7,Q4FZB7
KMT5C,0.69,not coexp,Writer,HMT,,Not TF,Not MDEM,Not Neuro,Not Cancer,,KMT5C;SUV420H2;PP7130,SUV420H2,SUV420H2,chr19,+,55339852,55348121,ENSG00000133247,613198,SUV420H2,KMT5C,Q86Y97,Q86Y97
L3MBTL1,0,coexp,Reader,,HMR,Not TF,Not MDEM,Not Neuro,Not Cancer,,L3MBTL1;KIAA0681;L3MBT;L3MBTL,L3MBTL1,L3MBTL1,chr20,+,43507679,43541895,ENSG00000185513,608802,L3MBTL1,L3MBTL1,Q9Y468,Q9Y468
L3MBTL2,0.01,coexp,Reader,,HMR,Not TF,Not MDEM,Not Neuro,Not Cancer,,L3MBTL2,L3MBTL2,L3MBTL2,chr22,+,41205308,41231271,ENSG00000100395,611865,L3MBTL2,L3MBTL2,Q969R5,Q969R5
L3MBTL3,1,not coexp,Reader,,HMR,Not TF,Not MDEM,Not Neuro,Not Cancer,,L3MBTL3;KIAA1798;MBT1,L3MBTL3,L3MBTL3,chr6,+,130018582,130141449,ENSG00000198945,NA,L3MBTL3,L3MBTL3,Q96JM7,Q96JM7
L3MBTL4,0,not coexp,Reader,,HMR,Not TF,Not MDEM,Not Neuro,Not Cancer,,L3MBTL4,L3MBTL4,L3MBTL4,chr18,-,5954705,6414911,ENSG00000154655,617135,L3MBTL4,L3MBTL4,Q8NA19,Q8NA19
LBR,1,not coexp,Reader,,HMR,Not TF,MDEM,Neuro,Not Cancer,"Greenberg skeletal dysplasia, 215140 (3), Autosomal recessive; Pelger-Huet anomaly, 169400 (3), Autosomal dominant; ?Reynolds syndrome, 613471 (3), Autosomal dominant",LBR,LBR,LBR,chr1,-,225401501,225428113,ENSG00000143815,600024,LBR,LBR,Q14739,Q14739
MBD1,0.96,highly coexp,Reader,,DNMR; DNUMR,Not TF,Not MDEM,Not Neuro,Cancer,,MBD1;CXXC3;PCM1,MBD1,MBD1,chr18,-,50266881,50281774,ENSG00000141644,156535,MBD1,MBD1,Q9UIS9,Q9UIS9
MBD2,0.99,not coexp,Reader,,DNMR,Not TF,Not MDEM,Not Neuro,Not Cancer,,MBD2,MBD2,MBD2,chr18,-,54151600,54224788,ENSG00000134046,603547,MBD2,MBD2,Q9UBB5,Q9UBB5
MBD3,0.92,coexp,Reader,,DNMR,Not TF,Not MDEM,Not Neuro,Not Cancer,,MBD3,MBD3,MBD3,chr19,-,1576670,1592761,ENSG00000071655,603573,MBD3,MBD3,O95983,O95983
MBD4,0,not coexp,Reader,,DNMR,Not TF,Not MDEM,Not Neuro,Not Cancer,,MBD4;MED1,MBD4,MBD4,chr3,-,129430943,129440179,ENSG00000129071,603574,MBD4,MBD4,O95243,O95243
MBD5,1,not coexp,Reader,,HMR; DNMR,Not TF,MDEM,Neuro,Not Cancer,"Mental retardation, autosomal dominant 1, 156200 (3), Autosomal dominant",MBD5;KIAA1461,MBD5,MBD5,chr2,+,148021010,148513475,ENSG00000204406,611472,MBD5,MBD5,Q9P267,Q9P267
MBD6,0.96,highly coexp,Reader,,DNMR,Not TF,Not MDEM,Not Neuro,Cancer,,MBD6;KIAA1887,MBD6,MBD6,chr12,+,57522875,57530148,ENSG00000166987,NA,MBD6,MBD6,Q96DN6,Q96DN6
MBTD1,1,highly coexp,Reader,,HMR,Not TF,Not MDEM,Not Neuro,Not Cancer,,MBTD1,MBTD1,MBTD1,chr17,-,51177424,51260066,ENSG00000011258,NA,MBTD1,MBTD1,Q05BQ5,Q05BQ5
MECP2,0.7,highly coexp,Reader,,DNMR,Not TF,MDEM,Neuro,Not Cancer,"{Autism susceptibility, X-linked 3}, 300496 (3), Isolated cases, X-linked, Multifactorial; Encephalopathy, neonatal severe, 300673 (3), X-linked recessive; Mental retardation, X-linked syndromic, Lubs type, 300260 (3), X-linked recessive; Mental retardation, X-linked, syndromic 13, 300055 (3), X-linked recessive; Rett syndrome, 312750 (3), X-linked dominant; Rett syndrome, atypical, 312750 (3), X-linked dominant; Rett syndrome, preserved speech variant, 312750 (3), X-linked dominant",MECP2,MECP2,MECP2,chrX,-,154030234,154097731,ENSG00000169057,300005,MECP2,MECP2,P51608,P51608
MINA,0,coexp,Eraser,HDM,,Not TF,Not MDEM,Not Neuro,Not Cancer,,MINA;MDIG;MINA53;NO52,MINA,MINA,chr3,-,97941816,97972451,ENSG00000170854,612049,MINA,MINA,Q8IUF8,Q8IUF8
MLLT10,1,coexp,Reader,,HMR,Not TF,Not MDEM,Not Neuro,Not Cancer,,MLLT10;AF10,MLLT10,MLLT10,chr10,+,21533348,21743630,ENSG00000078403,602409,MLLT10,MLLT10,P55197,P55197
MLLT6,1,highly coexp,Reader,,HMR,Not TF,Not MDEM,Not Neuro,Not Cancer,,MLLT6;AF17,MLLT6,MLLT6,chr17,+,38705619,38729803,ENSG00000275023,600328,MLLT6,MLLT6,P55198,P55198
MORC1,0,,Reader,,HMR,Not TF,Not MDEM,Not Neuro,Not Cancer,,MORC1;MORC,MORC1,MORC1,chr3,-,108958239,109118146,ENSG00000114487,603205,MORC1,MORC1,Q86VD1,Q86VD1
MORC2,1,coexp,Reader,,HMR,Not TF,MDEM,Neuro,Not Cancer,"Charcot-Marie-Tooth disease, axonal, type 2Z, 616688 (3), Autosomal dominant",MORC2;KIAA0852;ZCWCC1,MORC2,MORC2,chr22,-,30925129,30968287,ENSG00000133422,616661,MORC2,MORC2,Q9Y6X9,Q9Y6X9
MORC3,1,coexp,Reader,,HMR,Not TF,Not MDEM,Not Neuro,Not Cancer,,MORC3;KIAA0136;NXP2;ZCWCC3,MORC3,MORC3,chr21,+,36320188,36376646,ENSG00000159256,610078,MORC3,MORC3,Q14149,Q14149
MORC4,0.99,not coexp,Reader,,HMR,Not TF,Not MDEM,Not Neuro,Cancer,,MORC4;ZCWCC2,MORC4,MORC4,chrX,-,106940733,107000244,ENSG00000133131,300970,MORC4,MORC4,Q8TE76,Q8TE76
MPHOSPH8,0.93,highly coexp,Reader,,HMR,Not TF,Not MDEM,Not Neuro,Not Cancer,,MPHOSPH8;MPP8,MPHOSPH8,MPHOSPH8,chr13,+,19633647,19673459,ENSG00000196199,611626,MPHOSPH8,MPHOSPH8,Q99549,Q99549
MSH6,,coexp,Reader,,HMR,Not TF,Not MDEM,Not Neuro,Cancer,"Colorectal cancer, hereditary nonpolyposis, type 5, 614350 (3), Autosomal dominant; Endometrial cancer, familial, 608089 (3); Mismatch repair cancer syndrome, 276300 (3), Autosomal recessive",MSH6;GTBP,,MSH6,chr2,+,47783081,47806953,ENSG00000116062,600678,MSH6,MSH6,P52701,P52701
MSL3,0.95,not coexp,Reader,,HMR,Not TF,Not MDEM,Neuro,Not Cancer,,MSL3;MSL3L1,MSL3,MSL3,chrX,+,11758581,11775753,ENSG00000005302,300609,MSL3,MSL3,Q8N5Y2,Q8N5Y2
MTA1,1,coexp,Reader,,HMR,Not TF,Not MDEM,Not Neuro,Not Cancer,,MTA1,MTA1,MTA1,chr14,+,105419848,105470720,ENSG00000182979,603526,MTA1,MTA1,Q13330,Q13330
MTA2,0.98,highly coexp,Reader,,HMR,Not TF,Not MDEM,Not Neuro,Not Cancer,,MTA2;MTA1L1;PID,MTA2,MTA2,chr11,-,62593202,62601840,ENSG00000149480,603947,MTA2,MTA2,O94776,O94776
MTA3,0.86,not coexp,Reader,,HMR,Not TF,Not MDEM,Not Neuro,Not Cancer,,MTA3;KIAA1266,MTA3,MTA3,chr2,+,42494568,42756947,ENSG00000057935,609050,MTA3,MTA3,Q9BTC8,Q9BTC8
MTF2,0.99,highly coexp,Reader,,HMR,Not TF,Not MDEM,Not Neuro,Not Cancer,,MTF2;PCL2,MTF2,MTF2,chr1,+,93079234,93139081,ENSG00000143033,609882,MTF2,MTF2,Q9Y483,Q9Y483
MUM1,0.03,coexp,Reader,,HMR,Not TF,Not MDEM,Not Neuro,Not Cancer,,MUM1;EXPAND1,MUM1,MUM1,chr19,+,1354976,1378431,ENSG00000160953,601900,MUM1,MUM1,Q2TAK8,Q2TAK8
MUM1L1,0.64,not coexp,Reader,,HMR,Not TF,Not MDEM,Not Neuro,Not Cancer,,MUM1L1,MUM1L1,MUM1L1,chrX,+,106168304,106208956,ENSG00000157502,NA,MUM1L1,MUM1L1,Q5H9M0,Q5H9M0
NSD1,1,highly coexp,Writer; Reader,HMT,HMR,Not TF,MDEM,Neuro,Cancer,"Beckwith-Wiedemann syndrome, 130650 (3), Autosomal dominant; Leukemia, acute myeloid, 601626 (1), Autosomal dominant; Sotos syndrome 1, 117550 (3), Autosomal dominant",NSD1;ARA267;KMT3B,NSD1,NSD1,chr5,+,177133078,177300213,ENSG00000165671,606681,NSD1,NSD1,Q96L73,Q96L73
ORC1,0,not coexp,Reader,,HMR,Not TF,MDEM,Neuro,Not Cancer,"Meier-Gorlin syndrome 1, 224690 (3), Autosomal recessive",ORC1;ORC1L;PARC1,ORC1,ORC1,chr1,-,52372828,52404471,ENSG00000085840,601902,ORC1,ORC1,Q13415,Q13415
PBRM1,1,highly coexp,Reader,,HMR; HAR,Not TF,Not MDEM,Not Neuro,Cancer,,PBRM1;BAF180;PB1,PBRM1,PBRM1,chr3,-,52545351,52685850,ENSG00000163939,606083,PBRM1,PBRM1,Q86U86,Q86U86
PHF1,1,coexp,Reader,,HMR,Not TF,Not MDEM,Not Neuro,Not Cancer,,PHF1;PCL1,PHF1,PHF1,chr6,+,33410995,33416453,ENSG00000112511,602881,PHF1,PHF1,O43189,O43189
PHF10,0.08,coexp,Reader,,HMR,Not TF,Not MDEM,Not Neuro,Not Cancer,,PHF10;BAF45A,PHF10,PHF10,chr6,-,169703905,169724010,ENSG00000130024,613069,PHF10,PHF10,Q8WUB8,Q8WUB8
PHF11,0,coexp,Reader,,HMR,Not TF,MDEM,Not Neuro,Not Cancer,"{Asthma}, 600807 (3), Autosomal dominant; [IgE levels QTL], 147050 (3), Autosomal dominant",PHF11;BCAP,PHF11,PHF11,chr13,+,49495609,49528991,ENSG00000136147,607796,PHF11,PHF11,Q9UIL8,Q9UIL8
PHF12,1,highly coexp,Reader,,HMR,Not TF,Not MDEM,Not Neuro,Not Cancer,,PHF12;KIAA1523,PHF12,PHF12,chr17,-,28905252,28951490,ENSG00000109118,NA,PHF12,PHF12,Q96QT6,Q96QT6
PHF13,0.93,coexp,Reader,,HMR,Not TF,Not MDEM,Not Neuro,Not Cancer,,PHF13,PHF13,PHF13,chr1,+,6613695,6624033,ENSG00000116273,NA,PHF13,PHF13,Q86YI8,Q86YI8
PHF14,0.21,not coexp,Reader,,HMR,Not TF,Not MDEM,Not Neuro,Not Cancer,,PHF14;KIAA0783,PHF14,PHF14,chr7,+,10973871,11107749,ENSG00000106443,NA,PHF14,PHF14,O94880,O94880
PHF19,1,not coexp,Reader,,HMR,Not TF,Not MDEM,Not Neuro,Not Cancer,,PHF19;PCL3,PHF19,PHF19,chr9,-,120855650,120868911,ENSG00000119403,609740,PHF19,PHF19,Q5T6S3,Q5T6S3
PHF2,0.99,highly coexp,Eraser; Reader,HDM,HMR,Not TF,Not MDEM,Not Neuro,Not Cancer,,PHF2;CENP-35;KIAA0662,PHF2,PHF2,chr9,+,93576626,93679587,ENSG00000197724,604351,PHF2,PHF2,O75151,O75151
PHF20,0.98,coexp,Reader,,HMR,TF,Not MDEM,Not Neuro,Not Cancer,,PHF20;C20orf104;GLEA2;HCA58;NZF;TZP,PHF20,PHF20,chr20,+,35772000,35950366,ENSG00000025293,610335,PHF20,PHF20,Q9BVI0,Q9BVI0
PHF20L1,1,not coexp,Reader,,HMR,Not TF,Not MDEM,Not Neuro,Not Cancer,,PHF20L1;CGI-72,PHF20L1,PHF20L1,chr8,+,132775357,132813194,ENSG00000129292,NA,PHF20L1,PHF20L1,A8MW92,A8MW92
PHF21A,1,coexp,Reader,,HMR,Not TF,Not MDEM,Not Neuro,Not Cancer,,PHF21A;BHC80;KIAA1696;BM-006,PHF21A,PHF21A,chr11,-,45929318,46121434,ENSG00000135365,608325,PHF21A,PHF21A,Q96BD5,Q96BD5
PHF21B,0.91,,Reader,,HMR,Not TF,Not MDEM,Not Neuro,Not Cancer,,PHF21B;KIAA1661,PHF21B,PHF21B,chr22,-,44881162,45008993,ENSG00000056487,616727,PHF21B,PHF21B,Q96EK2,Q96EK2
PHF23,0.99,coexp,Reader,,HMR,Not TF,Not MDEM,Not Neuro,Cancer,,PHF23,PHF23,PHF23,chr17,-,7235027,7238930,ENSG00000040633,612910,PHF23,PHF23,Q9BUL5,Q9BUL5
PHF3,1,coexp,Reader,,HMR,Not TF,Not MDEM,Not Neuro,Not Cancer,,PHF3;KIAA0244,PHF3,PHF3,chr6,+,63635801,63715522,ENSG00000118482,607789,PHF3,PHF3,Q92576,Q92576
PHF6,0.97,coexp,Reader,,HMR,Not TF,MDEM,Neuro,Cancer,"Borjeson-Forssman-Lehmann syndrome, 301900 (3), X-linked recessive",PHF6;CENP-31;KIAA1823,PHF6,PHF6,chrX,+,134373311,134428792,ENSG00000156531,300414,PHF6,PHF6,Q8IWS0,Q8IWS0
PHF7,0.06,not coexp,Reader,,HMR,Not TF,Not MDEM,Not Neuro,Not Cancer,,PHF7,PHF7,PHF7,chr3,+,52410507,52423641,ENSG00000010318,NA,PHF7,PHF7,Q9BWX1,Q9BWX1
PHF8,1,highly coexp,Eraser; Reader,HDM,HMR,Not TF,MDEM,Neuro,Not Cancer,"Mental retardation syndrome, X-linked, Siderius type, 300263 (3)",PHF8;KIAA1111;ZNF422,PHF8,PHF8,chrX,-,53936679,54045136,ENSG00000172943,300560,PHF8,PHF8,Q9UPP1,Q9UPP1
PHIP,1,coexp,Reader,,HMR; HAR,Not TF,Not MDEM,Not Neuro,Not Cancer,,PHIP;WDR11,PHIP,PHIP,chr6,-,78934418,79078294,ENSG00000146247,612870,PHIP,PHIP,Q8WWQ0,Q8WWQ0
PHRF1,0.95,highly coexp,Reader,,HMR,Not TF,Not MDEM,Not Neuro,Not Cancer,,PHRF1;KIAA1542,PHRF1,PHRF1,chr11,+,576445,612222,ENSG00000070047,611780,PHRF1,PHRF1,Q9P1Y6,Q9P1Y6
PRDM1,0.98,not coexp,Writer,HMT,,TF,Not MDEM,Not Neuro,Cancer,,PRDM1;BLIMP1,PRDM1,PRDM1,chr6,+,106086319,106109939,ENSG00000057657,603423,PRDM1,PRDM1,O75626,O75626
PRDM10,1,coexp,Writer,HMT,,TF,Not MDEM,Not Neuro,Not Cancer,,PRDM10;KIAA1231;PFM7;TRIS,PRDM10,PRDM10,chr11,-,129899705,130002835,ENSG00000170325,NA,PRDM10,PRDM10,Q9NQV6,Q9NQV6
PRDM11,0.94,not coexp,Writer,HMT,,Not TF,Not MDEM,Not Neuro,Not Cancer,,PRDM11;PFM8,PRDM11,PRDM11,chr11,+,45147342,45235124,ENSG00000019485,616347,PRDM11,PRDM11,Q9NQV5,Q9NQV5
PRDM12,0.3,,Writer,HMT,,TF,MDEM,Not Neuro,Not Cancer,"Neuropathy, hereditary sensory and autonomic, type VIII, 616488 (3), Autosomal recessive",PRDM12;PFM9,PRDM12,PRDM12,chr9,+,130664593,130682997,ENSG00000130711,616458,PRDM12,PRDM12,Q9H4Q4,Q9H4Q4
PRDM13,,,Writer,HMT,,TF,Not MDEM,Not Neuro,Not Cancer,,PRDM13;PFM10,,PRDM13,chr6,+,99606773,99615578,ENSG00000112238,616741,PRDM13,PRDM13,Q9H4Q3,Q9H4Q3
PRDM14,0.97,,Writer,HMT,,TF,Not MDEM,Not Neuro,Not Cancer,,PRDM14,PRDM14,PRDM14,chr8,-,70051650,70071327,ENSG00000147596,611781,PRDM14,PRDM14,Q9GZV8,Q9GZV8
PRDM15,0.75,coexp,Writer,HMT,,TF,Not MDEM,Not Neuro,Not Cancer,,PRDM15;C21orf83;ZNF298,PRDM15,PRDM15,chr21,-,41798224,41863302,ENSG00000141956,617692,PRDM15,PRDM15,P57071,P57071
PRDM16,1,not coexp,Writer,HMT,,TF,MDEM,Not Neuro,Not Cancer,"Cardiomyopathy, dilated, 1LL, 615373 (3), Autosomal dominant; Left ventricular noncompaction 8, 615373 (3), Autosomal dominant",PRDM16;KIAA1675;MEL1;PFM13,PRDM16,PRDM16,chr1,+,3069177,3438621,ENSG00000142611,605557,PRDM16,PRDM16,Q9HAZ2,Q9HAZ2
PRDM2,1,coexp,Writer,HMT,,TF,Not MDEM,Not Neuro,Not Cancer,,PRDM2;KMT8;RIZ,PRDM2,PRDM2,chr1,+,13749380,13788079,ENSG00000116731,601196,PRDM2,PRDM2,Q13029,Q13029
PRDM4,0.83,coexp,Writer,HMT,,TF,Not MDEM,Not Neuro,Not Cancer,,PRDM4;PFM1,PRDM4,PRDM4,chr12,-,107732865,107761137,ENSG00000110851,605780,PRDM4,PRDM4,Q9UKN5,Q9UKN5
PRDM5,0.74,not coexp,Writer,HMT,,TF,MDEM,Not Neuro,Not Cancer,"Brittle cornea syndrome 2, 614170 (3), Autosomal recessive",PRDM5;PFM2,PRDM5,PRDM5,chr4,-,120691912,120922866,ENSG00000138738,614161,PRDM5,PRDM5,Q9NQX1,Q9NQX1
PRDM6,,not coexp,Writer,HMT,,TF,Not MDEM,Not Neuro,Not Cancer,,PRDM6;PFM3,,PRDM6,chr5,+,123089145,123188051,ENSG00000061455,616982,PRDM6,PRDM6,Q9NQX0,Q9NQX0
PRDM7,0,,Writer,HMT,,Not TF,Not MDEM,Not Neuro,Not Cancer,,PRDM7;PFM4,PRDM7,PRDM7,chr16,-,90056565,90075930,ENSG00000126856,609759,PRDM7,PRDM7,Q9NQW5,Q9NQW5
PRDM8,,not coexp,Writer,HMT,,TF,MDEM,Neuro,Not Cancer,"?Epilepsy, progressive myoclonic, 10, 616640 (3), Autosomal recessive",PRDM8;PFM5,,PRDM8,chr4,+,80185269,80204328,ENSG00000152784,616639,PRDM8,PRDM8,Q9NQV8,Q9NQV8
PRDM9,0,,Writer,HMT,,TF,Not MDEM,Not Neuro,Cancer,,PRDM9;PFM6,PRDM9,PRDM9,chr5,+,23507608,23528597,ENSG00000164256,609760,PRDM9,PRDM9,Q9NQV7,Q9NQV7
PSIP1,0.95,highly coexp,Reader,,HMR,Not TF,Not MDEM,Not Neuro,Cancer,,PSIP1;DFS70;LEDGF;PSIP2,PSIP1,PSIP1,chr9,-,15464065,15511019,ENSG00000164985,603620,PSIP1,PSIP1,O75475,O75475
PWWP2A,0.92,not coexp,Reader,,HMR,Not TF,Not MDEM,Not Neuro,Not Cancer,,PWWP2A;KIAA1935;MST101,PWWP2A,PWWP2A,chr5,-,160075884,160119445,ENSG00000170234,617823,PWWP2A,PWWP2A,Q96N64,Q96N64
PWWP2B,0.72,not coexp,Reader,,HMR,Not TF,Not MDEM,Not Neuro,Not Cancer,,PWWP2B;PWWP2,PWWP2B,PWWP2B,chr10,+,132397197,132417854,ENSG00000171813,NA,PWWP2B,PWWP2B,Q6NUJ5,Q6NUJ5
PYGO1,0.96,not coexp,Reader,,HMR,Not TF,Not MDEM,Not Neuro,Not Cancer,,PYGO1,PYGO1,PYGO1,chr15,-,55538886,55588852,ENSG00000171016,606902,PYGO1,PYGO1,Q9Y3Y4,Q9Y3Y4
PYGO2,0.92,coexp,Reader,,HMR,Not TF,Not MDEM,Not Neuro,Not Cancer,,PYGO2;PP7910,PYGO2,PYGO2,chr1,-,154957025,154961782,ENSG00000163348,606903,PYGO2,PYGO2,Q9BRQ0,Q9BRQ0
RAG2,0.01,,Reader,,HMR,Not TF,MDEM,Not Neuro,Not Cancer,"Combined cellular and humoral immune defects with granulomas, 233650 (3), Autosomal recessive; Omenn syndrome, 603554 (3), Autosomal recessive; Severe combined immunodeficiency, B cell-negative, 601457 (3), Autosomal recessive",RAG2,RAG2,RAG2,chr11,-,36591942,36598279,ENSG00000175097,179616,RAG2,RAG2,P55895,P55895
RAI1,1,highly coexp,Reader,,HMR,Not TF,MDEM,Neuro,Not Cancer,"Smith-Magenis syndrome, 182290 (3), Autosomal dominant, Isolated cases",RAI1;KIAA1820,RAI1,RAI1,chr17,+,17681472,17811451,ENSG00000108557,607642,RAI1,RAI1,Q7Z5J4,Q7Z5J4
RERE,1,highly coexp,Reader,,HMR,TF,MDEM,Neuro,Cancer,"Neurodevelopmental disorder with or without anomalies of the brain, eye, or heart, 616975 (3)",RERE;ARG;ARP;ATN1L;KIAA0458,RERE,RERE,chr1,-,8352403,8817640,ENSG00000142599,605226,RERE,RERE,Q9P2R6,Q9P2R6
RNF17,1,,Reader,,HMR,Not TF,Not MDEM,Not Neuro,Not Cancer,,RNF17;TDRD4,RNF17,RNF17,chr13,+,24764162,24879920,ENSG00000132972,605793,RNF17,RNF17,Q9BXT8,Q9BXT8
RSF1,1,highly coexp,Reader,,HMR,Not TF,Not MDEM,Not Neuro,Not Cancer,,RSF1;HBXAP;XAP8,RSF1,RSF1,chr11,-,77666228,77820834,ENSG00000048649,608522,RSF1,RSF1,Q96T23,Q96T23
SCMH1,0.52,not coexp,Reader,,HMR,Not TF,Not MDEM,Not Neuro,Not Cancer,,SCMH1,SCMH1,SCMH1,chr1,-,41027198,41161432,ENSG00000010803,616396,SCMH1,SCMH1,Q96GD3,Q96GD3
SCML2,1,not coexp,Reader,,HMR,Not TF,Not MDEM,Not Neuro,Not Cancer,,SCML2,SCML2,SCML2,chrX,-,18239312,18354724,ENSG00000102098,300208,SCML2,SCML2,Q9UQR0,Q9UQR0
SETD1A,1,highly coexp,Writer,HMT,,Not TF,Not MDEM,Neuro,Cancer,,SETD1A;KIAA0339;KMT2F;SET1;SET1A,SETD1A,SETD1A,chr16,+,30957293,30984662,ENSG00000099381,611052,SETD1A,SETD1A,O15047,O15047
SETD1B,0.02,highly coexp,Writer,HMT,,Not TF,Not MDEM,Not Neuro,Cancer,,SETD1B;KIAA1076;KMT2G;SET1B,SETD1B,SETD1B,chr12,+,121804731,121832656,ENSG00000139718,611055,SETD1B,SETD1B,Q9UPS6,Q9UPS6
SETD2,1,highly coexp,Writer,HMT,,Not TF,MDEM,Neuro,Cancer,"Luscan-Lumish syndrome, 616831 (3), Autosomal dominant",SETD2;HIF1;HYPB;KIAA1732;KMT3A;SET2;HSPC069,SETD2,SETD2,chr3,-,47016407,47163977,ENSG00000181555,612778,SETD2,SETD2,Q9BYW2,Q9BYW2
SETD3,0.37,coexp,Writer,HMT,,Not TF,Not MDEM,Not Neuro,Not Cancer,,SETD3;C14orf154,SETD3,SETD3,chr14,-,99397745,99480889,ENSG00000183576,615671,SETD3,SETD3,Q86TU7,Q86TU7
SETD4,0,not coexp,Writer,HMT,,Not TF,Not MDEM,Not Neuro,Not Cancer,,SETD4;C21orf18;C21orf27,SETD4,SETD4,chr21,-,36034540,36060818,ENSG00000185917,NA,SETD4,SETD4,Q9NVD3,Q9NVD3
SETD5,1,highly coexp,Writer,HMT,,Not TF,MDEM,Neuro,Not Cancer,"Mental retardation, autosomal dominant 23, 615761 (3), Autosomal dominant",SETD5;KIAA1757,SETD5,SETD5,chr3,+,9397699,9478154,ENSG00000168137,615743,SETD5,SETD5,Q9C0A6,Q9C0A6
SETD6,0,coexp,Writer,HMT,,Not TF,Not MDEM,Not Neuro,Not Cancer,,SETD6,SETD6,SETD6,chr16,+,58515478,58520532,ENSG00000103037,616424,SETD6,SETD6,Q8TBK2,Q8TBK2
SETD7,0.29,not coexp,Writer,HMT,,Not TF,Not MDEM,Not Neuro,Not Cancer,,SETD7;KIAA1717;KMT7;SET7;SET9,SETD7,SETD7,chr4,-,139495934,139556769,ENSG00000145391,606594,SETD7,SETD7,Q8WTS6,Q8WTS6
SETD9,0,not coexp,Writer,HMT,,Not TF,Not MDEM,Not Neuro,Not Cancer,,SETD9;C5orf35,SETD9,SETD9,chr5,+,56909259,56914638,ENSG00000155542,NA,SETD9,SETD9,Q8NE22,Q8NE22
SETDB1,1,highly coexp,Writer; Reader,HMT,HMR; DNMR,Not TF,Not MDEM,Not Neuro,Cancer,,SETDB1;KIAA0067;KMT1E,SETDB1,SETDB1,chr1,+,150926338,150964744,ENSG00000143379,604396,SETDB1,SETDB1,Q15047,Q15047
SETDB2,0.04,not coexp,Writer; Reader,HMT,DNMR,Not TF,Not MDEM,Not Neuro,Not Cancer,,SETDB2;C13orf4;CLLD8;KMT1F,SETDB2,SETDB2,chr13,+,49444292,49495003,ENSG00000136169,607865,SETDB2,SETDB2,Q96T68,Q96T68
SETMAR,0,not coexp,Writer,HMT,,Not TF,Not MDEM,Not Neuro,Not Cancer,,SETMAR,SETMAR,SETMAR,chr3,+,4303303,4317265,ENSG00000170364,609834,SETMAR,SETMAR,Q53H47,Q53H47
SFMBT1,1,not coexp,Reader,,HMR,Not TF,Not MDEM,Not Neuro,Not Cancer,,SFMBT1;RU1,SFMBT1,SFMBT1,chr3,-,52903566,53046073,ENSG00000163935,607319,SFMBT1,SFMBT1,Q9UHJ3,Q9UHJ3
SFMBT2,1,not coexp,Reader,,HMR,Not TF,Not MDEM,Not Neuro,Not Cancer,,SFMBT2;KIAA1617,SFMBT2,SFMBT2,chr10,-,7158623,7409341,ENSG00000198879,615392,SFMBT2,SFMBT2,Q5VUG0,Q5VUG0
SHPRH,0.49,coexp,Remodeler; Reader,REMODEL,HMR,Not TF,Not MDEM,Not Neuro,Not Cancer,,SHPRH;KIAA2023,SHPRH,SHPRH,chr6,-,145884808,145964097,ENSG00000146414,608048,SHPRH,SHPRH,Q149N8,Q149N8
SIRT1,0.95,coexp,Eraser,HDAC,,Not TF,Not MDEM,Not Neuro,Not Cancer,,SIRT1;SIR2L1,SIRT1,SIRT1,chr10,+,67884668,67918390,ENSG00000096717,604479,SIRT1,SIRT1,Q96EB6,Q96EB6
SIRT2,0,coexp,Eraser,HDAC,,Not TF,Not MDEM,Not Neuro,Not Cancer,,SIRT2;SIR2L;SIR2L2,SIRT2,SIRT2,chr19,-,38878554,38899862,ENSG00000068903,604480,SIRT2,SIRT2,Q8IXJ6,Q8IXJ6
SIRT3,0,not coexp,Eraser,HDAC,,Not TF,Not MDEM,Not Neuro,Not Cancer,,SIRT3;SIR2L3,SIRT3,SIRT3,chr11,-,215029,236362,ENSG00000142082,604481,SIRT3,SIRT3,Q9NTG7,Q9NTG7
SIRT4,0,not coexp,Eraser,HDAC,,Not TF,Not MDEM,Not Neuro,Cancer,,SIRT4;SIR2L4,SIRT4,SIRT4,chr12,+,120302320,120313242,ENSG00000089163,604482,SIRT4,SIRT4,Q9Y6E7,Q9Y6E7
SIRT5,0,not coexp,Eraser,HDAC,,Not TF,Not MDEM,Not Neuro,Not Cancer,,SIRT5;SIR2L5,SIRT5,SIRT5,chr6,+,13574528,13605738,ENSG00000124523,604483,SIRT5,SIRT5,Q9NXA8,Q9NXA8
SIRT6,0.05,coexp,Eraser,HDAC,,Not TF,Not MDEM,Not Neuro,Not Cancer,,SIRT6;SIR2L6,SIRT6,SIRT6,chr19,-,4174108,4182604,ENSG00000077463,606211,SIRT6,SIRT6,Q8N6T7,Q8N6T7
SIRT7,0.57,coexp,Eraser,HDAC,,Not TF,Not MDEM,Not Neuro,Not Cancer,,SIRT7;SIR2L7,SIRT7,SIRT7,chr17,-,81911938,81918182,ENSG00000187531,606212,SIRT7,SIRT7,Q9NRC8,Q9NRC8
SMARCA1,1,not coexp,Remodeler,REMODEL,,Not TF,Not MDEM,Not Neuro,Not Cancer,,SMARCA1;SNF2L;SNF2L1,SMARCA1,SMARCA1,chrX,-,129446500,129523505,ENSG00000102038,300012,SMARCA1,SMARCA1,P28370,P28370
SMARCA2,1,coexp,Remodeler; Reader,REMODEL,HAR,Not TF,MDEM,Neuro,Not Cancer,"Nicolaides-Baraitser syndrome, 601358 (3), Autosomal dominant",SMARCA2;BAF190B;BRM;SNF2A;SNF2L2,SMARCA2,SMARCA2,chr9,+,2015218,2193623,ENSG00000080503,600014,SMARCA2,SMARCA2,P51531,P51531
SMARCA4,1,coexp,Remodeler; Reader,REMODEL,HAR,Not TF,MDEM,Neuro,Cancer,"Coffin-Siris syndrome 4, 614609 (3), Autosomal dominant; {Rhabdoid tumor predisposition syndrome 2}, 613325 (3), Autosomal dominant",SMARCA4;BAF190A;BRG1;SNF2B;SNF2L4,SMARCA4,SMARCA4,chr19,+,10960921,11062282,ENSG00000127616,603254,SMARCA4,SMARCA4,P51532,P51532
SMARCA5,1,coexp,Remodeler,REMODEL,,Not TF,Not MDEM,Not Neuro,Not Cancer,,SMARCA5;SNF2H;WCRF135,SMARCA5,SMARCA5,chr4,+,143513462,143557489,ENSG00000153147,603375,SMARCA5,SMARCA5,O60264,O60264
SMN1,0.1,not coexp,Reader,,HMR,Not TF,MDEM,Not Neuro,Not Cancer,"Spinal muscular atrophy-1, 253300 (3), Autosomal recessive; Spinal muscular atrophy-2, 253550 (3), Autosomal recessive; Spinal muscular atrophy-3, 253400 (3), Autosomal recessive; Spinal muscular atrophy-4, 271150 (3), Autosomal recessive",SMN1;SMN;SMNT;;SMN2;SMNC,SMN1,SMN1,chr5,+,70049522,70077591,ENSG00000172062,600354,SMN1,SMN1,Q16637,Q16637
SMNDC1,0.28,coexp,Reader,,HMR,Not TF,Not MDEM,Not Neuro,Not Cancer,,SMNDC1;SMNR;SPF30,SMNDC1,SMNDC1,chr10,-,110293039,110304949,ENSG00000119953,603519,SMNDC1,SMNDC1,O75940,O75940
SMYD1,0,not coexp,Writer,HMT,,Not TF,Not MDEM,Not Neuro,Not Cancer,,SMYD1,SMYD1,SMYD1,chr2,+,88067779,88113383,ENSG00000115593,606846,SMYD1,SMYD1,Q8NB12,Q8NB12
SMYD2,0.01,not coexp,Writer,HMT,,Not TF,Not MDEM,Not Neuro,Not Cancer,,SMYD2;KMT3C,SMYD2,SMYD2,chr1,+,214281221,214337134,ENSG00000143499,610663,SMYD2,SMYD2,Q9NRG4,Q9NRG4
SMYD3,0,not coexp,Writer,HMT,,Not TF,Not MDEM,Not Neuro,Not Cancer,,SMYD3;ZMYND1;ZNFN3A1,SMYD3,SMYD3,chr1,-,245749339,246507342,ENSG00000185420,608783,SMYD3,SMYD3,Q9H7B4,Q9H7B4
SMYD4,0,not coexp,Writer,HMT,,Not TF,Not MDEM,Not Neuro,Not Cancer,,SMYD4;KIAA1936,SMYD4,SMYD4,chr17,-,1779534,1829881,ENSG00000186532,NA,SMYD4,SMYD4,Q8IYR2,Q8IYR2
SMYD5,0.1,not coexp,Writer,HMT,,Not TF,Not MDEM,Not Neuro,Not Cancer,,SMYD5;RAI15,SMYD5,SMYD5,chr2,+,73214237,73227227,ENSG00000135632,NA,SMYD5,SMYD5,Q6GMV2,Q6GMV2
SND1,1,not coexp,Reader,,HMR,Not TF,Not MDEM,Not Neuro,Not Cancer,,SND1;TDRD11,SND1,SND1,chr7,+,127652147,128092607,ENSG00000197157,602181,SND1,SND1,Q7KZF4,Q7KZF4
SP110,0,not coexp,Reader,,HMR; HAR,TF,MDEM,Not Neuro,Not Cancer,"Hepatic venoocclusive disease with immunodeficiency, 235550 (3), Autosomal recessive; {Mycobacterium tuberculosis, susceptibility to}, 607948 (3)",SP110,SP110,SP110,chr2,-,230176472,230225729,ENSG00000135899,604457,SP110,SP110,Q9HB58,Q9HB58
SP140,0,not coexp,Reader,,HMR; HAR,Not TF,Not MDEM,Not Neuro,Not Cancer,,SP140;LYSP100,SP140,SP140,chr2,+,230225729,230239076,ENSG00000079263,608602,SP140,SP140,Q13342,Q13342
SP140L,0,not coexp,Reader,,HMR; HAR,TF,Not MDEM,Not Neuro,Not Cancer,,SP140L,SP140L,SP140L,chr2,+,230327179,230403730,ENSG00000185404,617747,SP140L,SP140L,Q9H930,Q9H930
SRCAP,1,highly coexp,Remodeler,REMODEL,,Not TF,MDEM,Neuro,Not Cancer,"Floating-Harbor syndrome, 136140 (3), Autosomal dominant",SRCAP;KIAA0309,SRCAP,SRCAP,chr16,+,30699140,30740129,ENSG00000080603,611421,SRCAP,SRCAP,Q6ZRS2,Q6ZRS2
STK31,0.23,not coexp,Reader,,HMR,Not TF,Not MDEM,Not Neuro,Cancer,,STK31;SGK396,STK31,STK31,chr7,+,23710166,23832511,ENSG00000196335,605790,STK31,STK31,Q9BXU1,Q9BXU1
SUV39H1,0.94,not coexp,Writer; Reader,HMT,HMR,Not TF,Not MDEM,Not Neuro,Not Cancer,,SUV39H1;KMT1A;SUV39H,SUV39H1,SUV39H1,chrX,+,48695553,48709015,ENSG00000101945,300254,SUV39H1,SUV39H1,O43463,O43463
SUV39H2,0.91,not coexp,Writer; Reader,HMT,HMR,Not TF,Not MDEM,Not Neuro,Not Cancer,,SUV39H2;KMT1B,SUV39H2,SUV39H2,chr10,+,14878782,14904305,ENSG00000152455,606503,SUV39H2,SUV39H2,Q9H5I1,Q9H5I1
TAF1,1,highly coexp,Reader,,HAR,Not TF,MDEM,Neuro,Not Cancer,"Dystonia-Parkinsonism, X-linked, 314250 (3), X-linked recessive; Mental retardation, X-linked, syndromic 33, 300966 (3), X-linked recessive",TAF1;BA2R;CCG1;CCGS;TAF2A,TAF1,TAF1,chrX,+,71366238,71466005,ENSG00000147133,313650,TAF1,TAF1,P21675,P21675
TAF1L,0.12,,Reader,,HAR,Not TF,Not MDEM,Not Neuro,Not Cancer,,TAF1L,TAF1L,,chr9,-,32629453,32635669,ENSG00000122728,607798,NA,TAF1L,Q8IZX4,Q8IZX4
TAF3,1,highly coexp,Reader,,HMR,Not TF,Not MDEM,Not Neuro,Not Cancer,,TAF3,TAF3,TAF3,chr10,+,7818503,8015053,ENSG00000165632,606576,TAF3,TAF3,Q5VWG9,Q5VWG9
TCF19,0,not coexp,Reader,,HMR,Not TF,Not MDEM,Not Neuro,Not Cancer,,TCF19;SC1,TCF19,TCF19,chr6,+,31158523,31164215,ENSG00000137310,600912,TCF19,TCF19,Q9Y242,Q9Y242
TCF20,1,highly coexp,Reader,,HMR,Not TF,Not MDEM,Neuro,Not Cancer,,TCF20;KIAA0292;SPBP,TCF20,TCF20,chr22,-,42160012,42215341,ENSG00000100207,603107,TCF20,TCF20,Q9UGU0,Q9UGU0
TDRD1,1,,Reader,,HMR,Not TF,Not MDEM,Not Neuro,Not Cancer,,TDRD1,TDRD1,TDRD1,chr10,+,114179269,114232304,ENSG00000095627,605796,TDRD1,TDRD1,Q9BXT4,Q9BXT4
TDRD10,0,not coexp,Reader,,HMR,Not TF,Not MDEM,Not Neuro,Cancer,,TDRD10;UNQ9380/PRO34205,TDRD10,TDRD10,chr1,+,154502218,154548147,ENSG00000163239,NA,TDRD10,TDRD10,Q5VZ19,Q5VZ19
TDRD12,,not coexp,Reader,,HMR,Not TF,Not MDEM,Not Neuro,Not Cancer,,TDRD12;ECAT8,,TDRD12,chr19,+,32719772,32790808,ENSG00000173809,NA,TDRD12,TDRD12,Q587J7,Q587J7
TDRD15,,,Reader,,HMR,Not TF,Not MDEM,Not Neuro,Not Cancer,,TDRD15,,TDRD15,chr2,+,21123985,21144366,ENSG00000218819,NA,TDRD15,TDRD15,B5MCY1,B5MCY1
TDRD3,0,not coexp,Reader,,HMR,Not TF,Not MDEM,Not Neuro,Not Cancer,,TDRD3,TDRD3,TDRD3,chr13,+,60396456,60573879,ENSG00000083544,614392,TDRD3,TDRD3,Q9H7E2,Q9H7E2
TDRD5,0.98,,Reader,,HMR,Not TF,Not MDEM,Not Neuro,Not Cancer,,TDRD5,TDRD5,TDRD5,chr1,+,179591621,179691273,ENSG00000162782,617748,TDRD5,TDRD5,Q8NAT2,Q8NAT2
TDRD6,0,not coexp,Reader,,HMR,Not TF,Not MDEM,Not Neuro,Not Cancer,,TDRD6,TDRD6,TDRD6,chr6,+,46687874,46704319,ENSG00000180113,611200,TDRD6,TDRD6,O60522,O60522
TDRD7,0,not coexp,Reader,,HMR,Not TF,MDEM,Not Neuro,Not Cancer,"Cataract 36, 613887 (3)",TDRD7;PCTAIRE2BP,TDRD7,TDRD7,chr9,+,97412019,97496123,ENSG00000196116,611258,TDRD7,TDRD7,Q8NHU6,Q8NHU6
TDRD9,0,not coexp,Reader,,HMR,Not TF,Not MDEM,Not Neuro,Not Cancer,,TDRD9;C14orf75,TDRD9,TDRD9,chr14,+,103928479,104052667,ENSG00000156414,617963,TDRD9,TDRD9,Q8NDG6,Q8NDG6
TDRKH,0.01,not coexp,Reader,,HMR,Not TF,Not MDEM,Not Neuro,Not Cancer,,TDRKH;TDRD2,TDRKH,TDRKH,chr1,-,151773479,151790534,ENSG00000182134,609501,TDRKH,TDRKH,Q9Y2W6,Q9Y2W6
TET1,1,not coexp,Eraser; Reader,DNM_ERASE,DNUMR,Not TF,Not MDEM,Not Neuro,Cancer,,TET1;CXXC6;KIAA1676;LCX,TET1,TET1,chr10,+,68560359,68694482,ENSG00000138336,607790,TET1,TET1,Q8NFU7,Q8NFU7
TET2,0,coexp,Eraser,DNM_ERASE,,Not TF,Not MDEM,Not Neuro,Cancer,"Myelodysplastic syndrome, somatic, 614286 (3)",TET2;KIAA1546;Nbla00191,TET2,TET2,chr4,+,105146684,105279803,ENSG00000168769,612839,TET2,TET2,Q6N021,Q6N021
TET3,1,coexp,Eraser,DNM_ERASE,,Not TF,Not MDEM,Not Neuro,Cancer,,TET3;KIAA0401,TET3,TET3,chr2,+,73986403,74108175,ENSG00000187605,613555,TET3,TET3,O43151,O43151
TNRC18,1,highly coexp,Reader,,HMR,Not TF,Not MDEM,Not Neuro,Not Cancer,,TNRC18;CAGL79;KIAA1856,TNRC18,TNRC18,chr7,-,5306791,5423546,ENSG00000182095,NA,TNRC18,TNRC18,O15417,O15417
TRIM24,1,not coexp,Reader,,HMR; HAR,Not TF,Not MDEM,Not Neuro,Not Cancer,,TRIM24;RNF82;TIF1;TIF1A,TRIM24,TRIM24,chr7,+,138460333,138585587,ENSG00000122779,603406,TRIM24,TRIM24,O15164,O15164
TRIM28,1,coexp,Reader,,HMR; HAR,Not TF,Not MDEM,Not Neuro,Not Cancer,,TRIM28;KAP1;RNF96;TIF1B,TRIM28,TRIM28,chr19,+,58544468,58550715,ENSG00000130726,601742,TRIM28,TRIM28,Q13263,Q13263
TRIM33,1,highly coexp,Reader,,HMR; HAR,Not TF,Not MDEM,Not Neuro,Not Cancer,,TRIM33;KIAA1113;RFG7;TIF1G,TRIM33,TRIM33,chr1,-,114392776,114511160,ENSG00000197323,605769,TRIM33,TRIM33,Q9UPN9,Q9UPN9
TRIM66,,not coexp,Reader,,HMR; HAR,Not TF,Not MDEM,Not Neuro,Not Cancer,,TRIM66;C11orf29;KIAA0298,,TRIM66,chr11,-,8612036,8658836,ENSG00000166436,612000,TRIM66,TRIM66,O15016,O15016
TYW5,0,not coexp,Eraser,HDM,,Not TF,Not MDEM,Not Neuro,Not Cancer,,TYW5;C2orf60,TYW5,TYW5,chr2,-,199928910,199955736,ENSG00000162971,NA,TYW5,TYW5,A2RUC4,A2RUC4
UBR7,0.43,not coexp,Reader,,HMR,Not TF,Not MDEM,Not Neuro,Not Cancer,,UBR7;C14orf130,UBR7,UBR7,chr14,+,93207055,93229215,ENSG00000012963,613816,UBR7,UBR7,Q8N806,Q8N806
UHRF1,,,Reader,,HMR,Not TF,Not MDEM,Not Neuro,Not Cancer,,UHRF1;ICBP90;NP95;RNF106,,,chr19,+,4909429,4962154,ENSG00000276043,607990,NA,UHRF1,Q96T88,Q96T88
UHRF2,1,coexp,Reader,,HMR,Not TF,Not MDEM,Not Neuro,Not Cancer,,UHRF2;NIRF;RNF107,UHRF2,UHRF2,chr9,+,6413150,6507051,ENSG00000147854,615211,UHRF2,UHRF2,Q96PU4,Q96PU4
UTY,0.63,not coexp,Eraser,HDM,,Not TF,Not MDEM,Not Neuro,Not Cancer,,UTY;KDM6C,UTY,UTY,chrY,-,13248378,13480670,ENSG00000183878,400009,UTY,UTY,O14607,O14607
WHSC1,1,coexp,Writer; Reader,HMT,HMR,TF,Not MDEM,Not Neuro,Cancer,,WHSC1;KIAA1090;MMSET;NSD2;TRX5,WHSC1,WHSC1,chr4,+,1871395,1982207,ENSG00000109685,602952,WHSC1,WHSC1,O96028,O96028
WHSC1L1,1,highly coexp,Writer; Reader,HMT,HMR,Not TF,Not MDEM,Not Neuro,Not Cancer,,WHSC1L1;NSD3;DC28,WHSC1L1,WHSC1L1,chr8,-,38275042,38382272,ENSG00000147548,607083,WHSC1L1,WHSC1L1,Q9BZ95,Q9BZ95
ZCWPW1,0,not coexp,Reader,,HMR,Not TF,Not MDEM,Not Neuro,Not Cancer,,ZCWPW1,ZCWPW1,ZCWPW1,chr7,-,100400871,100428808,ENSG00000078487,NA,ZCWPW1,ZCWPW1,Q9H0M4,Q9H0M4
ZCWPW2,0,not coexp,Reader,,HMR,Not TF,Not MDEM,Not Neuro,Not Cancer,,ZCWPW2,ZCWPW2,ZCWPW2,chr3,+,28349148,28526366,ENSG00000206559,NA,ZCWPW2,ZCWPW2,Q504Y3,Q504Y3
ZMYND11,1,coexp,Reader,,HMR; HAR,Not TF,MDEM,Neuro,Not Cancer,"Mental retardation, autosomal dominant 30, 616083 (3), Autosomal dominant",ZMYND11;BRAM1;BS69,ZMYND11,ZMYND11,chr10,+,134464,254637,ENSG00000015171,608668,ZMYND11,ZMYND11,Q15326,Q15326
ZMYND8,1,coexp,Reader,,HMR; HAR,Not TF,Not MDEM,Not Neuro,Not Cancer,,ZMYND8;KIAA1125;PRKCBP1;RACK7,ZMYND8,ZMYND8,chr20,-,47209213,47356889,ENSG00000101040,615713,ZMYND8,ZMYND8,Q9ULU4,Q9ULU4
